author,tags,text
[<Selector xpath='./span/small/text()' data='Albert Einstein'>],"[<Selector xpath='./div[@class=""tags""]//text()' data='\n            Tags:\n            '>, <Selector xpath='./div[@class=""tags""]//text()' data=' \n            \n            '>, <Selector xpath='./div[@class=""tags""]//text()' data='change'>, <Selector xpath='./div[@class=""tags""]//text()' data='\n            \n            '>, <Selector xpath='./div[@class=""tags""]//text()' data='deep-thoughts'>, <Selector xpath='./div[@class=""tags""]//text()' data='\n            \n            '>, <Selector xpath='./div[@class=""tags""]//text()' data='thinking'>, <Selector xpath='./div[@class=""tags""]//text()' data='\n            \n            '>, <Selector xpath='./div[@class=""tags""]//text()' data='world'>, <Selector xpath='./div[@class=""tags""]//text()' data='\n            \n        '>]","[<Selector xpath='./span[@class=""text""]/text()' data='“The world as we have created it is a...'>]"
[<Selector xpath='./span/small/text()' data='J.K. Rowling'>],"[<Selector xpath='./div[@class=""tags""]//text()' data='\n            Tags:\n            '>, <Selector xpath='./div[@class=""tags""]//text()' data=' \n            \n            '>, <Selector xpath='./div[@class=""tags""]//text()' data='abilities'>, <Selector xpath='./div[@class=""tags""]//text()' data='\n            \n            '>, <Selector xpath='./div[@class=""tags""]//text()' data='choices'>, <Selector xpath='./div[@class=""tags""]//text()' data='\n            \n        '>]","[<Selector xpath='./span[@class=""text""]/text()' data='“It is our choices, Harry, that show ...'>]"
[<Selector xpath='./span/small/text()' data='Albert Einstein'>],"[<Selector xpath='./div[@class=""tags""]//text()' data='\n            Tags:\n            '>, <Selector xpath='./div[@class=""tags""]//text()' data=' \n            \n            '>, <Selector xpath='./div[@class=""tags""]//text()' data='inspirational'>, <Selector xpath='./div[@class=""tags""]//text()' data='\n            \n            '>, <Selector xpath='./div[@class=""tags""]//text()' data='life'>, <Selector xpath='./div[@class=""tags""]//text()' data='\n            \n            '>, <Selector xpath='./div[@class=""tags""]//text()' data='live'>, <Selector xpath='./div[@class=""tags""]//text()' data='\n            \n            '>, <Selector xpath='./div[@class=""tags""]//text()' data='miracle'>, <Selector xpath='./div[@class=""tags""]//text()' data='\n            \n            '>, <Selector xpath='./div[@class=""tags""]//text()' data='miracles'>, <Selector xpath='./div[@class=""tags""]//text()' data='\n            \n        '>]","[<Selector xpath='./span[@class=""text""]/text()' data='“There are only two ways to live your...'>]"
[<Selector xpath='./span/small/text()' data='Jane Austen'>],"[<Selector xpath='./div[@class=""tags""]//text()' data='\n            Tags:\n            '>, <Selector xpath='./div[@class=""tags""]//text()' data=' \n            \n            '>, <Selector xpath='./div[@class=""tags""]//text()' data='aliteracy'>, <Selector xpath='./div[@class=""tags""]//text()' data='\n            \n            '>, <Selector xpath='./div[@class=""tags""]//text()' data='books'>, <Selector xpath='./div[@class=""tags""]//text()' data='\n            \n            '>, <Selector xpath='./div[@class=""tags""]//text()' data='classic'>, <Selector xpath='./div[@class=""tags""]//text()' data='\n            \n            '>, <Selector xpath='./div[@class=""tags""]//text()' data='humor'>, <Selector xpath='./div[@class=""tags""]//text()' data='\n            \n        '>]","[<Selector xpath='./span[@class=""text""]/text()' data='“The person, be it gentleman or lady,...'>]"
[<Selector xpath='./span/small/text()' data='Marilyn Monroe'>],"[<Selector xpath='./div[@class=""tags""]//text()' data='\n            Tags:\n            '>, <Selector xpath='./div[@class=""tags""]//text()' data=' \n            \n            '>, <Selector xpath='./div[@class=""tags""]//text()' data='be-yourself'>, <Selector xpath='./div[@class=""tags""]//text()' data='\n            \n            '>, <Selector xpath='./div[@class=""tags""]//text()' data='inspirational'>, <Selector xpath='./div[@class=""tags""]//text()' data='\n            \n        '>]","[<Selector xpath='./span[@class=""text""]/text()' data='“Imperfection is beauty, madness is g...'>]"
[<Selector xpath='./span/small/text()' data='Albert Einstein'>],"[<Selector xpath='./div[@class=""tags""]//text()' data='\n            Tags:\n            '>, <Selector xpath='./div[@class=""tags""]//text()' data=' \n            \n            '>, <Selector xpath='./div[@class=""tags""]//text()' data='adulthood'>, <Selector xpath='./div[@class=""tags""]//text()' data='\n            \n            '>, <Selector xpath='./div[@class=""tags""]//text()' data='success'>, <Selector xpath='./div[@class=""tags""]//text()' data='\n            \n            '>, <Selector xpath='./div[@class=""tags""]//text()' data='value'>, <Selector xpath='./div[@class=""tags""]//text()' data='\n            \n        '>]","[<Selector xpath='./span[@class=""text""]/text()' data='“Try not to become a man of success. ...'>]"
[<Selector xpath='./span/small/text()' data='André Gide'>],"[<Selector xpath='./div[@class=""tags""]//text()' data='\n            Tags:\n            '>, <Selector xpath='./div[@class=""tags""]//text()' data=' \n            \n            '>, <Selector xpath='./div[@class=""tags""]//text()' data='life'>, <Selector xpath='./div[@class=""tags""]//text()' data='\n            \n            '>, <Selector xpath='./div[@class=""tags""]//text()' data='love'>, <Selector xpath='./div[@class=""tags""]//text()' data='\n            \n        '>]","[<Selector xpath='./span[@class=""text""]/text()' data='“It is better to be hated for what yo...'>]"
[<Selector xpath='./span/small/text()' data='Thomas A. Edison'>],"[<Selector xpath='./div[@class=""tags""]//text()' data='\n            Tags:\n            '>, <Selector xpath='./div[@class=""tags""]//text()' data=' \n            \n            '>, <Selector xpath='./div[@class=""tags""]//text()' data='edison'>, <Selector xpath='./div[@class=""tags""]//text()' data='\n            \n            '>, <Selector xpath='./div[@class=""tags""]//text()' data='failure'>, <Selector xpath='./div[@class=""tags""]//text()' data='\n            \n            '>, <Selector xpath='./div[@class=""tags""]//text()' data='inspirational'>, <Selector xpath='./div[@class=""tags""]//text()' data='\n            \n            '>, <Selector xpath='./div[@class=""tags""]//text()' data='paraphrased'>, <Selector xpath='./div[@class=""tags""]//text()' data='\n            \n        '>]","[<Selector xpath='./span[@class=""text""]/text()' data=""“I have not failed. I've just found 1..."">]"
[<Selector xpath='./span/small/text()' data='Eleanor Roosevelt'>],"[<Selector xpath='./div[@class=""tags""]//text()' data='\n            Tags:\n            '>, <Selector xpath='./div[@class=""tags""]//text()' data=' \n            \n            '>, <Selector xpath='./div[@class=""tags""]//text()' data='misattributed-eleanor-roosevelt'>, <Selector xpath='./div[@class=""tags""]//text()' data='\n            \n        '>]","[<Selector xpath='./span[@class=""text""]/text()' data='“A woman is like a tea bag; you never...'>]"
[<Selector xpath='./span/small/text()' data='Steve Martin'>],"[<Selector xpath='./div[@class=""tags""]//text()' data='\n            Tags:\n            '>, <Selector xpath='./div[@class=""tags""]//text()' data=' \n            \n            '>, <Selector xpath='./div[@class=""tags""]//text()' data='humor'>, <Selector xpath='./div[@class=""tags""]//text()' data='\n            \n            '>, <Selector xpath='./div[@class=""tags""]//text()' data='obvious'>, <Selector xpath='./div[@class=""tags""]//text()' data='\n            \n            '>, <Selector xpath='./div[@class=""tags""]//text()' data='simile'>, <Selector xpath='./div[@class=""tags""]//text()' data='\n            \n        '>]","[<Selector xpath='./span[@class=""text""]/text()' data='“A day without sunshine is like, you ...'>]"
[<Selector xpath='./span/small/text()' data='Marilyn Monroe'>],"[<Selector xpath='./div[@class=""tags""]//text()' data='\n            Tags:\n            '>, <Selector xpath='./div[@class=""tags""]//text()' data=' \n            \n            '>, <Selector xpath='./div[@class=""tags""]//text()' data='friends'>, <Selector xpath='./div[@class=""tags""]//text()' data='\n            \n            '>, <Selector xpath='./div[@class=""tags""]//text()' data='heartbreak'>, <Selector xpath='./div[@class=""tags""]//text()' data='\n            \n            '>, <Selector xpath='./div[@class=""tags""]//text()' data='inspirational'>, <Selector xpath='./div[@class=""tags""]//text()' data='\n            \n            '>, <Selector xpath='./div[@class=""tags""]//text()' data='life'>, <Selector xpath='./div[@class=""tags""]//text()' data='\n            \n            '>, <Selector xpath='./div[@class=""tags""]//text()' data='love'>, <Selector xpath='./div[@class=""tags""]//text()' data='\n            \n            '>, <Selector xpath='./div[@class=""tags""]//text()' data='sisters'>, <Selector xpath='./div[@class=""tags""]//text()' data='\n            \n        '>]","[<Selector xpath='./span[@class=""text""]/text()' data='“This life is what you make it. No ma...'>]"
[<Selector xpath='./span/small/text()' data='J.K. Rowling'>],"[<Selector xpath='./div[@class=""tags""]//text()' data='\n            Tags:\n            '>, <Selector xpath='./div[@class=""tags""]//text()' data=' \n            \n            '>, <Selector xpath='./div[@class=""tags""]//text()' data='courage'>, <Selector xpath='./div[@class=""tags""]//text()' data='\n            \n            '>, <Selector xpath='./div[@class=""tags""]//text()' data='friends'>, <Selector xpath='./div[@class=""tags""]//text()' data='\n            \n        '>]","[<Selector xpath='./span[@class=""text""]/text()' data='“It takes a great deal of bravery to ...'>]"
[<Selector xpath='./span/small/text()' data='Albert Einstein'>],"[<Selector xpath='./div[@class=""tags""]//text()' data='\n            Tags:\n            '>, <Selector xpath='./div[@class=""tags""]//text()' data=' \n            \n            '>, <Selector xpath='./div[@class=""tags""]//text()' data='simplicity'>, <Selector xpath='./div[@class=""tags""]//text()' data='\n            \n            '>, <Selector xpath='./div[@class=""tags""]//text()' data='understand'>, <Selector xpath='./div[@class=""tags""]//text()' data='\n            \n        '>]","[<Selector xpath='./span[@class=""text""]/text()' data=""“If you can't explain it to a six yea..."">]"
[<Selector xpath='./span/small/text()' data='Bob Marley'>],"[<Selector xpath='./div[@class=""tags""]//text()' data='\n            Tags:\n            '>, <Selector xpath='./div[@class=""tags""]//text()' data=' \n            \n            '>, <Selector xpath='./div[@class=""tags""]//text()' data='love'>, <Selector xpath='./div[@class=""tags""]//text()' data='\n            \n        '>]","[<Selector xpath='./span[@class=""text""]/text()' data='“You may not be her first, her last, ...'>]"
[<Selector xpath='./span/small/text()' data='Dr. Seuss'>],"[<Selector xpath='./div[@class=""tags""]//text()' data='\n            Tags:\n            '>, <Selector xpath='./div[@class=""tags""]//text()' data=' \n            \n            '>, <Selector xpath='./div[@class=""tags""]//text()' data='fantasy'>, <Selector xpath='./div[@class=""tags""]//text()' data='\n            \n        '>]","[<Selector xpath='./span[@class=""text""]/text()' data='“I like nonsense, it wakes up the bra...'>]"
[<Selector xpath='./span/small/text()' data='Douglas Adams'>],"[<Selector xpath='./div[@class=""tags""]//text()' data='\n            Tags:\n            '>, <Selector xpath='./div[@class=""tags""]//text()' data=' \n            \n            '>, <Selector xpath='./div[@class=""tags""]//text()' data='life'>, <Selector xpath='./div[@class=""tags""]//text()' data='\n            \n            '>, <Selector xpath='./div[@class=""tags""]//text()' data='navigation'>, <Selector xpath='./div[@class=""tags""]//text()' data='\n            \n        '>]","[<Selector xpath='./span[@class=""text""]/text()' data='“I may not have gone where I intended...'>]"
[<Selector xpath='./span/small/text()' data='Elie Wiesel'>],"[<Selector xpath='./div[@class=""tags""]//text()' data='\n            Tags:\n            '>, <Selector xpath='./div[@class=""tags""]//text()' data=' \n            \n            '>, <Selector xpath='./div[@class=""tags""]//text()' data='activism'>, <Selector xpath='./div[@class=""tags""]//text()' data='\n            \n            '>, <Selector xpath='./div[@class=""tags""]//text()' data='apathy'>, <Selector xpath='./div[@class=""tags""]//text()' data='\n            \n            '>, <Selector xpath='./div[@class=""tags""]//text()' data='hate'>, <Selector xpath='./div[@class=""tags""]//text()' data='\n            \n            '>, <Selector xpath='./div[@class=""tags""]//text()' data='indifference'>, <Selector xpath='./div[@class=""tags""]//text()' data='\n            \n            '>, <Selector xpath='./div[@class=""tags""]//text()' data='inspirational'>, <Selector xpath='./div[@class=""tags""]//text()' data='\n            \n            '>, <Selector xpath='./div[@class=""tags""]//text()' data='love'>, <Selector xpath='./div[@class=""tags""]//text()' data='\n            \n            '>, <Selector xpath='./div[@class=""tags""]//text()' data='opposite'>, <Selector xpath='./div[@class=""tags""]//text()' data='\n            \n            '>, <Selector xpath='./div[@class=""tags""]//text()' data='philosophy'>, <Selector xpath='./div[@class=""tags""]//text()' data='\n            \n        '>]","[<Selector xpath='./span[@class=""text""]/text()' data='“The opposite of love is not hate, it...'>]"
[<Selector xpath='./span/small/text()' data='Friedrich Nietzsche'>],"[<Selector xpath='./div[@class=""tags""]//text()' data='\n            Tags:\n            '>, <Selector xpath='./div[@class=""tags""]//text()' data=' \n            \n            '>, <Selector xpath='./div[@class=""tags""]//text()' data='friendship'>, <Selector xpath='./div[@class=""tags""]//text()' data='\n            \n            '>, <Selector xpath='./div[@class=""tags""]//text()' data='lack-of-friendship'>, <Selector xpath='./div[@class=""tags""]//text()' data='\n            \n            '>, <Selector xpath='./div[@class=""tags""]//text()' data='lack-of-love'>, <Selector xpath='./div[@class=""tags""]//text()' data='\n            \n            '>, <Selector xpath='./div[@class=""tags""]//text()' data='love'>, <Selector xpath='./div[@class=""tags""]//text()' data='\n            \n            '>, <Selector xpath='./div[@class=""tags""]//text()' data='marriage'>, <Selector xpath='./div[@class=""tags""]//text()' data='\n            \n            '>, <Selector xpath='./div[@class=""tags""]//text()' data='unhappy-marriage'>, <Selector xpath='./div[@class=""tags""]//text()' data='\n            \n        '>]","[<Selector xpath='./span[@class=""text""]/text()' data='“It is not a lack of love, but a lack...'>]"
[<Selector xpath='./span/small/text()' data='Mark Twain'>],"[<Selector xpath='./div[@class=""tags""]//text()' data='\n            Tags:\n            '>, <Selector xpath='./div[@class=""tags""]//text()' data=' \n            \n            '>, <Selector xpath='./div[@class=""tags""]//text()' data='books'>, <Selector xpath='./div[@class=""tags""]//text()' data='\n            \n            '>, <Selector xpath='./div[@class=""tags""]//text()' data='contentment'>, <Selector xpath='./div[@class=""tags""]//text()' data='\n            \n            '>, <Selector xpath='./div[@class=""tags""]//text()' data='friends'>, <Selector xpath='./div[@class=""tags""]//text()' data='\n            \n            '>, <Selector xpath='./div[@class=""tags""]//text()' data='friendship'>, <Selector xpath='./div[@class=""tags""]//text()' data='\n            \n            '>, <Selector xpath='./div[@class=""tags""]//text()' data='life'>, <Selector xpath='./div[@class=""tags""]//text()' data='\n            \n        '>]","[<Selector xpath='./span[@class=""text""]/text()' data='“Good friends, good books, and a slee...'>]"
[<Selector xpath='./span/small/text()' data='Allen Saunders'>],"[<Selector xpath='./div[@class=""tags""]//text()' data='\n            Tags:\n            '>, <Selector xpath='./div[@class=""tags""]//text()' data=' \n            \n            '>, <Selector xpath='./div[@class=""tags""]//text()' data='fate'>, <Selector xpath='./div[@class=""tags""]//text()' data='\n            \n            '>, <Selector xpath='./div[@class=""tags""]//text()' data='life'>, <Selector xpath='./div[@class=""tags""]//text()' data='\n            \n            '>, <Selector xpath='./div[@class=""tags""]//text()' data='misattributed-john-lennon'>, <Selector xpath='./div[@class=""tags""]//text()' data='\n            \n            '>, <Selector xpath='./div[@class=""tags""]//text()' data='planning'>, <Selector xpath='./div[@class=""tags""]//text()' data='\n            \n            '>, <Selector xpath='./div[@class=""tags""]//text()' data='plans'>, <Selector xpath='./div[@class=""tags""]//text()' data='\n            \n        '>]","[<Selector xpath='./span[@class=""text""]/text()' data='“Life is what happens to us while we ...'>]"
[<Selector xpath='./span/small/text()' data='Pablo Neruda'>],"[<Selector xpath='./div[@class=""tags""]//text()' data='\n            Tags:\n            '>, <Selector xpath='./div[@class=""tags""]//text()' data=' \n            \n            '>, <Selector xpath='./div[@class=""tags""]//text()' data='love'>, <Selector xpath='./div[@class=""tags""]//text()' data='\n            \n            '>, <Selector xpath='./div[@class=""tags""]//text()' data='poetry'>, <Selector xpath='./div[@class=""tags""]//text()' data='\n            \n        '>]","[<Selector xpath='./span[@class=""text""]/text()' data='“I love you without knowing how, or w...'>]"
[<Selector xpath='./span/small/text()' data='Ralph Waldo Emerson'>],"[<Selector xpath='./div[@class=""tags""]//text()' data='\n            Tags:\n            '>, <Selector xpath='./div[@class=""tags""]//text()' data=' \n            \n            '>, <Selector xpath='./div[@class=""tags""]//text()' data='happiness'>, <Selector xpath='./div[@class=""tags""]//text()' data='\n            \n        '>]","[<Selector xpath='./span[@class=""text""]/text()' data='“For every minute you are angry you l...'>]"
[<Selector xpath='./span/small/text()' data='Mother Teresa'>],"[<Selector xpath='./div[@class=""tags""]//text()' data='\n            Tags:\n            '>, <Selector xpath='./div[@class=""tags""]//text()' data=' \n            \n            '>, <Selector xpath='./div[@class=""tags""]//text()' data='attributed-no-source'>, <Selector xpath='./div[@class=""tags""]//text()' data='\n            \n        '>]","[<Selector xpath='./span[@class=""text""]/text()' data='“If you judge people, you have no tim...'>]"
[<Selector xpath='./span/small/text()' data='Garrison Keillor'>],"[<Selector xpath='./div[@class=""tags""]//text()' data='\n            Tags:\n            '>, <Selector xpath='./div[@class=""tags""]//text()' data=' \n            \n            '>, <Selector xpath='./div[@class=""tags""]//text()' data='humor'>, <Selector xpath='./div[@class=""tags""]//text()' data='\n            \n            '>, <Selector xpath='./div[@class=""tags""]//text()' data='religion'>, <Selector xpath='./div[@class=""tags""]//text()' data='\n            \n        '>]","[<Selector xpath='./span[@class=""text""]/text()' data='“Anyone who thinks sitting in church ...'>]"
[<Selector xpath='./span/small/text()' data='Jim Henson'>],"[<Selector xpath='./div[@class=""tags""]//text()' data='\n            Tags:\n            '>, <Selector xpath='./div[@class=""tags""]//text()' data=' \n            \n            '>, <Selector xpath='./div[@class=""tags""]//text()' data='humor'>, <Selector xpath='./div[@class=""tags""]//text()' data='\n            \n        '>]","[<Selector xpath='./span[@class=""text""]/text()' data='“Beauty is in the eye of the beholder...'>]"
[<Selector xpath='./span/small/text()' data='Dr. Seuss'>],"[<Selector xpath='./div[@class=""tags""]//text()' data='\n            Tags:\n            '>, <Selector xpath='./div[@class=""tags""]//text()' data=' \n            \n            '>, <Selector xpath='./div[@class=""tags""]//text()' data='comedy'>, <Selector xpath='./div[@class=""tags""]//text()' data='\n            \n            '>, <Selector xpath='./div[@class=""tags""]//text()' data='life'>, <Selector xpath='./div[@class=""tags""]//text()' data='\n            \n            '>, <Selector xpath='./div[@class=""tags""]//text()' data='yourself'>, <Selector xpath='./div[@class=""tags""]//text()' data='\n            \n        '>]","[<Selector xpath='./span[@class=""text""]/text()' data='“Today you are You, that is truer tha...'>]"
[<Selector xpath='./span/small/text()' data='Albert Einstein'>],"[<Selector xpath='./div[@class=""tags""]//text()' data='\n            Tags:\n            '>, <Selector xpath='./div[@class=""tags""]//text()' data=' \n            \n            '>, <Selector xpath='./div[@class=""tags""]//text()' data='children'>, <Selector xpath='./div[@class=""tags""]//text()' data='\n            \n            '>, <Selector xpath='./div[@class=""tags""]//text()' data='fairy-tales'>, <Selector xpath='./div[@class=""tags""]//text()' data='\n            \n        '>]","[<Selector xpath='./span[@class=""text""]/text()' data='“If you want your children to be inte...'>]"
[<Selector xpath='./span/small/text()' data='J.K. Rowling'>],"[<Selector xpath='./div[@class=""tags""]//text()' data='\n            \n            '>, <Selector xpath='./div[@class=""tags""]//text()' data=' \n            \n        '>]","[<Selector xpath='./span[@class=""text""]/text()' data='“It is impossible to live without fai...'>]"
[<Selector xpath='./span/small/text()' data='Albert Einstein'>],"[<Selector xpath='./div[@class=""tags""]//text()' data='\n            Tags:\n            '>, <Selector xpath='./div[@class=""tags""]//text()' data=' \n            \n            '>, <Selector xpath='./div[@class=""tags""]//text()' data='imagination'>, <Selector xpath='./div[@class=""tags""]//text()' data='\n            \n        '>]","[<Selector xpath='./span[@class=""text""]/text()' data='“Logic will get you from A to Z; imag...'>]"
[<Selector xpath='./span/small/text()' data='Bob Marley'>],"[<Selector xpath='./div[@class=""tags""]//text()' data='\n            Tags:\n            '>, <Selector xpath='./div[@class=""tags""]//text()' data=' \n            \n            '>, <Selector xpath='./div[@class=""tags""]//text()' data='music'>, <Selector xpath='./div[@class=""tags""]//text()' data='\n            \n        '>]","[<Selector xpath='./span[@class=""text""]/text()' data='“One good thing about music, when it ...'>]"
[<Selector xpath='./span/small/text()' data='Dr. Seuss'>],"[<Selector xpath='./div[@class=""tags""]//text()' data='\n            Tags:\n            '>, <Selector xpath='./div[@class=""tags""]//text()' data=' \n            \n            '>, <Selector xpath='./div[@class=""tags""]//text()' data='learning'>, <Selector xpath='./div[@class=""tags""]//text()' data='\n            \n            '>, <Selector xpath='./div[@class=""tags""]//text()' data='reading'>, <Selector xpath='./div[@class=""tags""]//text()' data='\n            \n            '>, <Selector xpath='./div[@class=""tags""]//text()' data='seuss'>, <Selector xpath='./div[@class=""tags""]//text()' data='\n            \n        '>]","[<Selector xpath='./span[@class=""text""]/text()' data='“The more that you read, the more thi...'>]"
[<Selector xpath='./span/small/text()' data='J.K. Rowling'>],"[<Selector xpath='./div[@class=""tags""]//text()' data='\n            Tags:\n            '>, <Selector xpath='./div[@class=""tags""]//text()' data=' \n            \n            '>, <Selector xpath='./div[@class=""tags""]//text()' data='dumbledore'>, <Selector xpath='./div[@class=""tags""]//text()' data='\n            \n        '>]","[<Selector xpath='./span[@class=""text""]/text()' data='“Of course it is happening inside you...'>]"
[<Selector xpath='./span/small/text()' data='Bob Marley'>],"[<Selector xpath='./div[@class=""tags""]//text()' data='\n            Tags:\n            '>, <Selector xpath='./div[@class=""tags""]//text()' data=' \n            \n            '>, <Selector xpath='./div[@class=""tags""]//text()' data='friendship'>, <Selector xpath='./div[@class=""tags""]//text()' data='\n            \n        '>]","[<Selector xpath='./span[@class=""text""]/text()' data='“The truth is, everyone is going to h...'>]"
[<Selector xpath='./span/small/text()' data='Mother Teresa'>],"[<Selector xpath='./div[@class=""tags""]//text()' data='\n            Tags:\n            '>, <Selector xpath='./div[@class=""tags""]//text()' data=' \n            \n            '>, <Selector xpath='./div[@class=""tags""]//text()' data='misattributed-to-mother-teresa'>, <Selector xpath='./div[@class=""tags""]//text()' data='\n            \n            '>, <Selector xpath='./div[@class=""tags""]//text()' data='paraphrased'>, <Selector xpath='./div[@class=""tags""]//text()' data='\n            \n        '>]","[<Selector xpath='./span[@class=""text""]/text()' data='“Not all of us can do great things. B...'>]"
[<Selector xpath='./span/small/text()' data='J.K. Rowling'>],"[<Selector xpath='./div[@class=""tags""]//text()' data='\n            Tags:\n            '>, <Selector xpath='./div[@class=""tags""]//text()' data=' \n            \n            '>, <Selector xpath='./div[@class=""tags""]//text()' data='death'>, <Selector xpath='./div[@class=""tags""]//text()' data='\n            \n            '>, <Selector xpath='./div[@class=""tags""]//text()' data='inspirational'>, <Selector xpath='./div[@class=""tags""]//text()' data='\n            \n        '>]","[<Selector xpath='./span[@class=""text""]/text()' data='“To the well-organized mind, death is...'>]"
[<Selector xpath='./span/small/text()' data='Charles M. Schulz'>],"[<Selector xpath='./div[@class=""tags""]//text()' data='\n            Tags:\n            '>, <Selector xpath='./div[@class=""tags""]//text()' data=' \n            \n            '>, <Selector xpath='./div[@class=""tags""]//text()' data='chocolate'>, <Selector xpath='./div[@class=""tags""]//text()' data='\n            \n            '>, <Selector xpath='./div[@class=""tags""]//text()' data='food'>, <Selector xpath='./div[@class=""tags""]//text()' data='\n            \n            '>, <Selector xpath='./div[@class=""tags""]//text()' data='humor'>, <Selector xpath='./div[@class=""tags""]//text()' data='\n            \n        '>]","[<Selector xpath='./span[@class=""text""]/text()' data='“All you need is love. But a little c...'>]"
[<Selector xpath='./span/small/text()' data='William Nicholson'>],"[<Selector xpath='./div[@class=""tags""]//text()' data='\n            Tags:\n            '>, <Selector xpath='./div[@class=""tags""]//text()' data=' \n            \n            '>, <Selector xpath='./div[@class=""tags""]//text()' data='misattributed-to-c-s-lewis'>, <Selector xpath='./div[@class=""tags""]//text()' data='\n            \n            '>, <Selector xpath='./div[@class=""tags""]//text()' data='reading'>, <Selector xpath='./div[@class=""tags""]//text()' data='\n            \n        '>]","[<Selector xpath='./span[@class=""text""]/text()' data=""“We read to know we're not alone.”"">]"
[<Selector xpath='./span/small/text()' data='Albert Einstein'>],"[<Selector xpath='./div[@class=""tags""]//text()' data='\n            Tags:\n            '>, <Selector xpath='./div[@class=""tags""]//text()' data=' \n            \n            '>, <Selector xpath='./div[@class=""tags""]//text()' data='knowledge'>, <Selector xpath='./div[@class=""tags""]//text()' data='\n            \n            '>, <Selector xpath='./div[@class=""tags""]//text()' data='learning'>, <Selector xpath='./div[@class=""tags""]//text()' data='\n            \n            '>, <Selector xpath='./div[@class=""tags""]//text()' data='understanding'>, <Selector xpath='./div[@class=""tags""]//text()' data='\n            \n            '>, <Selector xpath='./div[@class=""tags""]//text()' data='wisdom'>, <Selector xpath='./div[@class=""tags""]//text()' data='\n            \n        '>]","[<Selector xpath='./span[@class=""text""]/text()' data='“Any fool can know. The point is to u...'>]"
[<Selector xpath='./span/small/text()' data='Jorge Luis Borges'>],"[<Selector xpath='./div[@class=""tags""]//text()' data='\n            Tags:\n            '>, <Selector xpath='./div[@class=""tags""]//text()' data=' \n            \n            '>, <Selector xpath='./div[@class=""tags""]//text()' data='books'>, <Selector xpath='./div[@class=""tags""]//text()' data='\n            \n            '>, <Selector xpath='./div[@class=""tags""]//text()' data='library'>, <Selector xpath='./div[@class=""tags""]//text()' data='\n            \n        '>]","[<Selector xpath='./span[@class=""text""]/text()' data='“I have always imagined that Paradise...'>]"
[<Selector xpath='./span/small/text()' data='George Eliot'>],"[<Selector xpath='./div[@class=""tags""]//text()' data='\n            Tags:\n            '>, <Selector xpath='./div[@class=""tags""]//text()' data=' \n            \n            '>, <Selector xpath='./div[@class=""tags""]//text()' data='inspirational'>, <Selector xpath='./div[@class=""tags""]//text()' data='\n            \n        '>]","[<Selector xpath='./span[@class=""text""]/text()' data='“It is never too late to be what you ...'>]"
[<Selector xpath='./span/small/text()' data='George R.R. Martin'>],"[<Selector xpath='./div[@class=""tags""]//text()' data='\n            Tags:\n            '>, <Selector xpath='./div[@class=""tags""]//text()' data=' \n            \n            '>, <Selector xpath='./div[@class=""tags""]//text()' data='read'>, <Selector xpath='./div[@class=""tags""]//text()' data='\n            \n            '>, <Selector xpath='./div[@class=""tags""]//text()' data='readers'>, <Selector xpath='./div[@class=""tags""]//text()' data='\n            \n            '>, <Selector xpath='./div[@class=""tags""]//text()' data='reading'>, <Selector xpath='./div[@class=""tags""]//text()' data='\n            \n            '>, <Selector xpath='./div[@class=""tags""]//text()' data='reading-books'>, <Selector xpath='./div[@class=""tags""]//text()' data='\n            \n        '>]","[<Selector xpath='./span[@class=""text""]/text()' data='“A reader lives a thousand lives befo...'>]"
[<Selector xpath='./span/small/text()' data='C.S. Lewis'>],"[<Selector xpath='./div[@class=""tags""]//text()' data='\n            Tags:\n            '>, <Selector xpath='./div[@class=""tags""]//text()' data=' \n            \n            '>, <Selector xpath='./div[@class=""tags""]//text()' data='books'>, <Selector xpath='./div[@class=""tags""]//text()' data='\n            \n            '>, <Selector xpath='./div[@class=""tags""]//text()' data='inspirational'>, <Selector xpath='./div[@class=""tags""]//text()' data='\n            \n            '>, <Selector xpath='./div[@class=""tags""]//text()' data='reading'>, <Selector xpath='./div[@class=""tags""]//text()' data='\n            \n            '>, <Selector xpath='./div[@class=""tags""]//text()' data='tea'>, <Selector xpath='./div[@class=""tags""]//text()' data='\n            \n        '>]","[<Selector xpath='./span[@class=""text""]/text()' data='“You can never get a cup of tea large...'>]"
[<Selector xpath='./span/small/text()' data='Marilyn Monroe'>],"[<Selector xpath='./div[@class=""tags""]//text()' data='\n            \n            '>, <Selector xpath='./div[@class=""tags""]//text()' data=' \n            \n        '>]","[<Selector xpath='./span[@class=""text""]/text()' data='“You believe lies so you eventually l...'>]"
[<Selector xpath='./span/small/text()' data='Marilyn Monroe'>],"[<Selector xpath='./div[@class=""tags""]//text()' data='\n            Tags:\n            '>, <Selector xpath='./div[@class=""tags""]//text()' data=' \n            \n            '>, <Selector xpath='./div[@class=""tags""]//text()' data='girls'>, <Selector xpath='./div[@class=""tags""]//text()' data='\n            \n            '>, <Selector xpath='./div[@class=""tags""]//text()' data='love'>, <Selector xpath='./div[@class=""tags""]//text()' data='\n            \n        '>]","[<Selector xpath='./span[@class=""text""]/text()' data='“If you can make a woman laugh, you c...'>]"
[<Selector xpath='./span/small/text()' data='Albert Einstein'>],"[<Selector xpath='./div[@class=""tags""]//text()' data='\n            Tags:\n            '>, <Selector xpath='./div[@class=""tags""]//text()' data=' \n            \n            '>, <Selector xpath='./div[@class=""tags""]//text()' data='life'>, <Selector xpath='./div[@class=""tags""]//text()' data='\n            \n            '>, <Selector xpath='./div[@class=""tags""]//text()' data='simile'>, <Selector xpath='./div[@class=""tags""]//text()' data='\n            \n        '>]","[<Selector xpath='./span[@class=""text""]/text()' data='“Life is like riding a bicycle. To ke...'>]"
[<Selector xpath='./span/small/text()' data='Marilyn Monroe'>],"[<Selector xpath='./div[@class=""tags""]//text()' data='\n            Tags:\n            '>, <Selector xpath='./div[@class=""tags""]//text()' data=' \n            \n            '>, <Selector xpath='./div[@class=""tags""]//text()' data='love'>, <Selector xpath='./div[@class=""tags""]//text()' data='\n            \n        '>]","[<Selector xpath='./span[@class=""text""]/text()' data='“The real lover is the man who can th...'>]"
[<Selector xpath='./span/small/text()' data='Marilyn Monroe'>],"[<Selector xpath='./div[@class=""tags""]//text()' data='\n            Tags:\n            '>, <Selector xpath='./div[@class=""tags""]//text()' data=' \n            \n            '>, <Selector xpath='./div[@class=""tags""]//text()' data='attributed-no-source'>, <Selector xpath='./div[@class=""tags""]//text()' data='\n            \n        '>]","[<Selector xpath='./span[@class=""text""]/text()' data=""“A wise girl kisses but doesn't love,..."">]"
[<Selector xpath='./span/small/text()' data='Martin Luther King Jr.'>],"[<Selector xpath='./div[@class=""tags""]//text()' data='\n            Tags:\n            '>, <Selector xpath='./div[@class=""tags""]//text()' data=' \n            \n            '>, <Selector xpath='./div[@class=""tags""]//text()' data='hope'>, <Selector xpath='./div[@class=""tags""]//text()' data='\n            \n            '>, <Selector xpath='./div[@class=""tags""]//text()' data='inspirational'>, <Selector xpath='./div[@class=""tags""]//text()' data='\n            \n        '>]","[<Selector xpath='./span[@class=""text""]/text()' data='“Only in the darkness can you see the...'>]"
[<Selector xpath='./span/small/text()' data='J.K. Rowling'>],"[<Selector xpath='./div[@class=""tags""]//text()' data='\n            Tags:\n            '>, <Selector xpath='./div[@class=""tags""]//text()' data=' \n            \n            '>, <Selector xpath='./div[@class=""tags""]//text()' data='dumbledore'>, <Selector xpath='./div[@class=""tags""]//text()' data='\n            \n        '>]","[<Selector xpath='./span[@class=""text""]/text()' data='“It matters not what someone is born,...'>]"
[<Selector xpath='./span/small/text()' data='James Baldwin'>],"[<Selector xpath='./div[@class=""tags""]//text()' data='\n            Tags:\n            '>, <Selector xpath='./div[@class=""tags""]//text()' data=' \n            \n            '>, <Selector xpath='./div[@class=""tags""]//text()' data='love'>, <Selector xpath='./div[@class=""tags""]//text()' data='\n            \n        '>]","[<Selector xpath='./span[@class=""text""]/text()' data='“Love does not begin and end the way ...'>]"
[<Selector xpath='./span/small/text()' data='Jane Austen'>],"[<Selector xpath='./div[@class=""tags""]//text()' data='\n            Tags:\n            '>, <Selector xpath='./div[@class=""tags""]//text()' data=' \n            \n            '>, <Selector xpath='./div[@class=""tags""]//text()' data='friendship'>, <Selector xpath='./div[@class=""tags""]//text()' data='\n            \n            '>, <Selector xpath='./div[@class=""tags""]//text()' data='love'>, <Selector xpath='./div[@class=""tags""]//text()' data='\n            \n        '>]","[<Selector xpath='./span[@class=""text""]/text()' data='“There is nothing I would not do for ...'>]"
[<Selector xpath='./span/small/text()' data='Eleanor Roosevelt'>],"[<Selector xpath='./div[@class=""tags""]//text()' data='\n            Tags:\n            '>, <Selector xpath='./div[@class=""tags""]//text()' data=' \n            \n            '>, <Selector xpath='./div[@class=""tags""]//text()' data='attributed'>, <Selector xpath='./div[@class=""tags""]//text()' data='\n            \n            '>, <Selector xpath='./div[@class=""tags""]//text()' data='fear'>, <Selector xpath='./div[@class=""tags""]//text()' data='\n            \n            '>, <Selector xpath='./div[@class=""tags""]//text()' data='inspiration'>, <Selector xpath='./div[@class=""tags""]//text()' data='\n            \n        '>]","[<Selector xpath='./span[@class=""text""]/text()' data='“Do one thing every day that scares y...'>]"
[<Selector xpath='./span/small/text()' data='Marilyn Monroe'>],"[<Selector xpath='./div[@class=""tags""]//text()' data='\n            Tags:\n            '>, <Selector xpath='./div[@class=""tags""]//text()' data=' \n            \n            '>, <Selector xpath='./div[@class=""tags""]//text()' data='attributed-no-source'>, <Selector xpath='./div[@class=""tags""]//text()' data='\n            \n        '>]","[<Selector xpath='./span[@class=""text""]/text()' data='“I am good, but not an angel. I do si...'>]"
[<Selector xpath='./span/small/text()' data='Albert Einstein'>],"[<Selector xpath='./div[@class=""tags""]//text()' data='\n            Tags:\n            '>, <Selector xpath='./div[@class=""tags""]//text()' data=' \n            \n            '>, <Selector xpath='./div[@class=""tags""]//text()' data='music'>, <Selector xpath='./div[@class=""tags""]//text()' data='\n            \n        '>]","[<Selector xpath='./span[@class=""text""]/text()' data='“If I were not a physicist, I would p...'>]"
[<Selector xpath='./span/small/text()' data='Haruki Murakami'>],"[<Selector xpath='./div[@class=""tags""]//text()' data='\n            Tags:\n            '>, <Selector xpath='./div[@class=""tags""]//text()' data=' \n            \n            '>, <Selector xpath='./div[@class=""tags""]//text()' data='books'>, <Selector xpath='./div[@class=""tags""]//text()' data='\n            \n            '>, <Selector xpath='./div[@class=""tags""]//text()' data='thought'>, <Selector xpath='./div[@class=""tags""]//text()' data='\n            \n        '>]","[<Selector xpath='./span[@class=""text""]/text()' data='“If you only read the books that ever...'>]"
[<Selector xpath='./span/small/text()' data='Alexandre Dumas fils'>],"[<Selector xpath='./div[@class=""tags""]//text()' data='\n            Tags:\n            '>, <Selector xpath='./div[@class=""tags""]//text()' data=' \n            \n            '>, <Selector xpath='./div[@class=""tags""]//text()' data='misattributed-to-einstein'>, <Selector xpath='./div[@class=""tags""]//text()' data='\n            \n        '>]","[<Selector xpath='./span[@class=""text""]/text()' data='“The difference between genius and st...'>]"
[<Selector xpath='./span/small/text()' data='Stephenie Meyer'>],"[<Selector xpath='./div[@class=""tags""]//text()' data='\n            Tags:\n            '>, <Selector xpath='./div[@class=""tags""]//text()' data=' \n            \n            '>, <Selector xpath='./div[@class=""tags""]//text()' data='drug'>, <Selector xpath='./div[@class=""tags""]//text()' data='\n            \n            '>, <Selector xpath='./div[@class=""tags""]//text()' data='romance'>, <Selector xpath='./div[@class=""tags""]//text()' data='\n            \n            '>, <Selector xpath='./div[@class=""tags""]//text()' data='simile'>, <Selector xpath='./div[@class=""tags""]//text()' data='\n            \n        '>]","[<Selector xpath='./span[@class=""text""]/text()' data=""“He's like a drug for you, Bella.”"">]"
[<Selector xpath='./span/small/text()' data='Ernest Hemingway'>],"[<Selector xpath='./div[@class=""tags""]//text()' data='\n            Tags:\n            '>, <Selector xpath='./div[@class=""tags""]//text()' data=' \n            \n            '>, <Selector xpath='./div[@class=""tags""]//text()' data='books'>, <Selector xpath='./div[@class=""tags""]//text()' data='\n            \n            '>, <Selector xpath='./div[@class=""tags""]//text()' data='friends'>, <Selector xpath='./div[@class=""tags""]//text()' data='\n            \n            '>, <Selector xpath='./div[@class=""tags""]//text()' data='novelist-quotes'>, <Selector xpath='./div[@class=""tags""]//text()' data='\n            \n        '>]","[<Selector xpath='./span[@class=""text""]/text()' data='“There is no friend as loyal as a book.”'>]"
[<Selector xpath='./span/small/text()' data='Helen Keller'>],"[<Selector xpath='./div[@class=""tags""]//text()' data='\n            Tags:\n            '>, <Selector xpath='./div[@class=""tags""]//text()' data=' \n            \n            '>, <Selector xpath='./div[@class=""tags""]//text()' data='inspirational'>, <Selector xpath='./div[@class=""tags""]//text()' data='\n            \n        '>]","[<Selector xpath='./span[@class=""text""]/text()' data='“When one door of happiness closes, a...'>]"
[<Selector xpath='./span/small/text()' data='George Bernard Shaw'>],"[<Selector xpath='./div[@class=""tags""]//text()' data='\n            Tags:\n            '>, <Selector xpath='./div[@class=""tags""]//text()' data=' \n            \n            '>, <Selector xpath='./div[@class=""tags""]//text()' data='inspirational'>, <Selector xpath='./div[@class=""tags""]//text()' data='\n            \n            '>, <Selector xpath='./div[@class=""tags""]//text()' data='life'>, <Selector xpath='./div[@class=""tags""]//text()' data='\n            \n            '>, <Selector xpath='./div[@class=""tags""]//text()' data='yourself'>, <Selector xpath='./div[@class=""tags""]//text()' data='\n            \n        '>]","[<Selector xpath='./span[@class=""text""]/text()' data=""“Life isn't about finding yourself. L..."">]"
[<Selector xpath='./span/small/text()' data='Charles Bukowski'>],"[<Selector xpath='./div[@class=""tags""]//text()' data='\n            Tags:\n            '>, <Selector xpath='./div[@class=""tags""]//text()' data=' \n            \n            '>, <Selector xpath='./div[@class=""tags""]//text()' data='alcohol'>, <Selector xpath='./div[@class=""tags""]//text()' data='\n            \n        '>]","[<Selector xpath='./span[@class=""text""]/text()' data=""“That's the problem with drinking, I ..."">]"
[<Selector xpath='./span/small/text()' data='Suzanne Collins'>],"[<Selector xpath='./div[@class=""tags""]//text()' data='\n            Tags:\n            '>, <Selector xpath='./div[@class=""tags""]//text()' data=' \n            \n            '>, <Selector xpath='./div[@class=""tags""]//text()' data='the-hunger-games'>, <Selector xpath='./div[@class=""tags""]//text()' data='\n            \n        '>]","[<Selector xpath='./span[@class=""text""]/text()' data='“You don’t forget the face of the per...'>]"
[<Selector xpath='./span/small/text()' data='Suzanne Collins'>],"[<Selector xpath='./div[@class=""tags""]//text()' data='\n            Tags:\n            '>, <Selector xpath='./div[@class=""tags""]//text()' data=' \n            \n            '>, <Selector xpath='./div[@class=""tags""]//text()' data='humor'>, <Selector xpath='./div[@class=""tags""]//text()' data='\n            \n        '>]","[<Selector xpath='./span[@class=""text""]/text()' data=""“Remember, we're madly in love, so it..."">]"
[<Selector xpath='./span/small/text()' data='C.S. Lewis'>],"[<Selector xpath='./div[@class=""tags""]//text()' data='\n            Tags:\n            '>, <Selector xpath='./div[@class=""tags""]//text()' data=' \n            \n            '>, <Selector xpath='./div[@class=""tags""]//text()' data='love'>, <Selector xpath='./div[@class=""tags""]//text()' data='\n            \n        '>]","[<Selector xpath='./span[@class=""text""]/text()' data='“To love at all is to be vulnerable. ...'>]"
[<Selector xpath='./span/small/text()' data='J.R.R. Tolkien'>],"[<Selector xpath='./div[@class=""tags""]//text()' data='\n            Tags:\n            '>, <Selector xpath='./div[@class=""tags""]//text()' data=' \n            \n            '>, <Selector xpath='./div[@class=""tags""]//text()' data='bilbo'>, <Selector xpath='./div[@class=""tags""]//text()' data='\n            \n            '>, <Selector xpath='./div[@class=""tags""]//text()' data='journey'>, <Selector xpath='./div[@class=""tags""]//text()' data='\n            \n            '>, <Selector xpath='./div[@class=""tags""]//text()' data='lost'>, <Selector xpath='./div[@class=""tags""]//text()' data='\n            \n            '>, <Selector xpath='./div[@class=""tags""]//text()' data='quest'>, <Selector xpath='./div[@class=""tags""]//text()' data='\n            \n            '>, <Selector xpath='./div[@class=""tags""]//text()' data='travel'>, <Selector xpath='./div[@class=""tags""]//text()' data='\n            \n            '>, <Selector xpath='./div[@class=""tags""]//text()' data='wander'>, <Selector xpath='./div[@class=""tags""]//text()' data='\n            \n        '>]","[<Selector xpath='./span[@class=""text""]/text()' data='“Not all those who wander are lost.”'>]"
[<Selector xpath='./span/small/text()' data='J.K. Rowling'>],"[<Selector xpath='./div[@class=""tags""]//text()' data='\n            Tags:\n            '>, <Selector xpath='./div[@class=""tags""]//text()' data=' \n            \n            '>, <Selector xpath='./div[@class=""tags""]//text()' data='live-death-love'>, <Selector xpath='./div[@class=""tags""]//text()' data='\n            \n        '>]","[<Selector xpath='./span[@class=""text""]/text()' data='“Do not pity the dead, Harry. Pity th...'>]"
[<Selector xpath='./span/small/text()' data='Ernest Hemingway'>],"[<Selector xpath='./div[@class=""tags""]//text()' data='\n            Tags:\n            '>, <Selector xpath='./div[@class=""tags""]//text()' data=' \n            \n            '>, <Selector xpath='./div[@class=""tags""]//text()' data='good'>, <Selector xpath='./div[@class=""tags""]//text()' data='\n            \n            '>, <Selector xpath='./div[@class=""tags""]//text()' data='writing'>, <Selector xpath='./div[@class=""tags""]//text()' data='\n            \n        '>]","[<Selector xpath='./span[@class=""text""]/text()' data='“There is nothing to writing. All you...'>]"
[<Selector xpath='./span/small/text()' data='Ralph Waldo Emerson'>],"[<Selector xpath='./div[@class=""tags""]//text()' data='\n            Tags:\n            '>, <Selector xpath='./div[@class=""tags""]//text()' data=' \n            \n            '>, <Selector xpath='./div[@class=""tags""]//text()' data='life'>, <Selector xpath='./div[@class=""tags""]//text()' data='\n            \n            '>, <Selector xpath='./div[@class=""tags""]//text()' data='regrets'>, <Selector xpath='./div[@class=""tags""]//text()' data='\n            \n        '>]","[<Selector xpath='./span[@class=""text""]/text()' data='“Finish each day and be done with it....'>]"
[<Selector xpath='./span/small/text()' data='Mark Twain'>],"[<Selector xpath='./div[@class=""tags""]//text()' data='\n            Tags:\n            '>, <Selector xpath='./div[@class=""tags""]//text()' data=' \n            \n            '>, <Selector xpath='./div[@class=""tags""]//text()' data='education'>, <Selector xpath='./div[@class=""tags""]//text()' data='\n            \n        '>]","[<Selector xpath='./span[@class=""text""]/text()' data='“I have never let my schooling interf...'>]"
[<Selector xpath='./span/small/text()' data='Dr. Seuss'>],"[<Selector xpath='./div[@class=""tags""]//text()' data='\n            Tags:\n            '>, <Selector xpath='./div[@class=""tags""]//text()' data=' \n            \n            '>, <Selector xpath='./div[@class=""tags""]//text()' data='troubles'>, <Selector xpath='./div[@class=""tags""]//text()' data='\n            \n        '>]","[<Selector xpath='./span[@class=""text""]/text()' data='“I have heard there are troubles of m...'>]"
[<Selector xpath='./span/small/text()' data='Alfred Tennyson'>],"[<Selector xpath='./div[@class=""tags""]//text()' data='\n            Tags:\n            '>, <Selector xpath='./div[@class=""tags""]//text()' data=' \n            \n            '>, <Selector xpath='./div[@class=""tags""]//text()' data='friendship'>, <Selector xpath='./div[@class=""tags""]//text()' data='\n            \n            '>, <Selector xpath='./div[@class=""tags""]//text()' data='love'>, <Selector xpath='./div[@class=""tags""]//text()' data='\n            \n        '>]","[<Selector xpath='./span[@class=""text""]/text()' data='“If I had a flower for every time I t...'>]"
[<Selector xpath='./span/small/text()' data='Charles Bukowski'>],"[<Selector xpath='./div[@class=""tags""]//text()' data='\n            Tags:\n            '>, <Selector xpath='./div[@class=""tags""]//text()' data=' \n            \n            '>, <Selector xpath='./div[@class=""tags""]//text()' data='humor'>, <Selector xpath='./div[@class=""tags""]//text()' data='\n            \n        '>]","[<Selector xpath='./span[@class=""text""]/text()' data='“Some people never go crazy. What tru...'>]"
[<Selector xpath='./span/small/text()' data='Terry Pratchett'>],"[<Selector xpath='./div[@class=""tags""]//text()' data='\n            Tags:\n            '>, <Selector xpath='./div[@class=""tags""]//text()' data=' \n            \n            '>, <Selector xpath='./div[@class=""tags""]//text()' data='humor'>, <Selector xpath='./div[@class=""tags""]//text()' data='\n            \n            '>, <Selector xpath='./div[@class=""tags""]//text()' data='open-mind'>, <Selector xpath='./div[@class=""tags""]//text()' data='\n            \n            '>, <Selector xpath='./div[@class=""tags""]//text()' data='thinking'>, <Selector xpath='./div[@class=""tags""]//text()' data='\n            \n        '>]","[<Selector xpath='./span[@class=""text""]/text()' data='“The trouble with having an open mind...'>]"
[<Selector xpath='./span/small/text()' data='Dr. Seuss'>],"[<Selector xpath='./div[@class=""tags""]//text()' data='\n            Tags:\n            '>, <Selector xpath='./div[@class=""tags""]//text()' data=' \n            \n            '>, <Selector xpath='./div[@class=""tags""]//text()' data='humor'>, <Selector xpath='./div[@class=""tags""]//text()' data='\n            \n            '>, <Selector xpath='./div[@class=""tags""]//text()' data='philosophy'>, <Selector xpath='./div[@class=""tags""]//text()' data='\n            \n        '>]","[<Selector xpath='./span[@class=""text""]/text()' data='“Think left and think right and think...'>]"
[<Selector xpath='./span/small/text()' data='J.D. Salinger'>],"[<Selector xpath='./div[@class=""tags""]//text()' data='\n            Tags:\n            '>, <Selector xpath='./div[@class=""tags""]//text()' data=' \n            \n            '>, <Selector xpath='./div[@class=""tags""]//text()' data='authors'>, <Selector xpath='./div[@class=""tags""]//text()' data='\n            \n            '>, <Selector xpath='./div[@class=""tags""]//text()' data='books'>, <Selector xpath='./div[@class=""tags""]//text()' data='\n            \n            '>, <Selector xpath='./div[@class=""tags""]//text()' data='literature'>, <Selector xpath='./div[@class=""tags""]//text()' data='\n            \n            '>, <Selector xpath='./div[@class=""tags""]//text()' data='reading'>, <Selector xpath='./div[@class=""tags""]//text()' data='\n            \n            '>, <Selector xpath='./div[@class=""tags""]//text()' data='writing'>, <Selector xpath='./div[@class=""tags""]//text()' data='\n            \n        '>]","[<Selector xpath='./span[@class=""text""]/text()' data='“What really knocks me out is a book ...'>]"
[<Selector xpath='./span/small/text()' data='George Carlin'>],"[<Selector xpath='./div[@class=""tags""]//text()' data='\n            Tags:\n            '>, <Selector xpath='./div[@class=""tags""]//text()' data=' \n            \n            '>, <Selector xpath='./div[@class=""tags""]//text()' data='humor'>, <Selector xpath='./div[@class=""tags""]//text()' data='\n            \n            '>, <Selector xpath='./div[@class=""tags""]//text()' data='insanity'>, <Selector xpath='./div[@class=""tags""]//text()' data='\n            \n            '>, <Selector xpath='./div[@class=""tags""]//text()' data='lies'>, <Selector xpath='./div[@class=""tags""]//text()' data='\n            \n            '>, <Selector xpath='./div[@class=""tags""]//text()' data='lying'>, <Selector xpath='./div[@class=""tags""]//text()' data='\n            \n            '>, <Selector xpath='./div[@class=""tags""]//text()' data='self-indulgence'>, <Selector xpath='./div[@class=""tags""]//text()' data='\n            \n            '>, <Selector xpath='./div[@class=""tags""]//text()' data='truth'>, <Selector xpath='./div[@class=""tags""]//text()' data='\n            \n        '>]","[<Selector xpath='./span[@class=""text""]/text()' data='“The reason I talk to myself is becau...'>]"
[<Selector xpath='./span/small/text()' data='John Lennon'>],"[<Selector xpath='./div[@class=""tags""]//text()' data='\n            Tags:\n            '>, <Selector xpath='./div[@class=""tags""]//text()' data=' \n            \n            '>, <Selector xpath='./div[@class=""tags""]//text()' data='beatles'>, <Selector xpath='./div[@class=""tags""]//text()' data='\n            \n            '>, <Selector xpath='./div[@class=""tags""]//text()' data='connection'>, <Selector xpath='./div[@class=""tags""]//text()' data='\n            \n            '>, <Selector xpath='./div[@class=""tags""]//text()' data='dreamers'>, <Selector xpath='./div[@class=""tags""]//text()' data='\n            \n            '>, <Selector xpath='./div[@class=""tags""]//text()' data='dreaming'>, <Selector xpath='./div[@class=""tags""]//text()' data='\n            \n            '>, <Selector xpath='./div[@class=""tags""]//text()' data='dreams'>, <Selector xpath='./div[@class=""tags""]//text()' data='\n            \n            '>, <Selector xpath='./div[@class=""tags""]//text()' data='hope'>, <Selector xpath='./div[@class=""tags""]//text()' data='\n            \n            '>, <Selector xpath='./div[@class=""tags""]//text()' data='inspirational'>, <Selector xpath='./div[@class=""tags""]//text()' data='\n            \n            '>, <Selector xpath='./div[@class=""tags""]//text()' data='peace'>, <Selector xpath='./div[@class=""tags""]//text()' data='\n            \n        '>]","[<Selector xpath='./span[@class=""text""]/text()' data=""“You may say I'm a dreamer, but I'm n..."">]"
[<Selector xpath='./span/small/text()' data='W.C. Fields'>],"[<Selector xpath='./div[@class=""tags""]//text()' data='\n            Tags:\n            '>, <Selector xpath='./div[@class=""tags""]//text()' data=' \n            \n            '>, <Selector xpath='./div[@class=""tags""]//text()' data='humor'>, <Selector xpath='./div[@class=""tags""]//text()' data='\n            \n            '>, <Selector xpath='./div[@class=""tags""]//text()' data='sinister'>, <Selector xpath='./div[@class=""tags""]//text()' data='\n            \n        '>]","[<Selector xpath='./span[@class=""text""]/text()' data='“I am free of all prejudice. I hate e...'>]"
[<Selector xpath='./span/small/text()' data='Ayn Rand'>],"[<Selector xpath='./div[@class=""tags""]//text()' data='\n            \n            '>, <Selector xpath='./div[@class=""tags""]//text()' data=' \n            \n        '>]","[<Selector xpath='./span[@class=""text""]/text()' data=""“The question isn't who is going to l..."">]"
[<Selector xpath='./span/small/text()' data='Mark Twain'>],"[<Selector xpath='./div[@class=""tags""]//text()' data='\n            Tags:\n            '>, <Selector xpath='./div[@class=""tags""]//text()' data=' \n            \n            '>, <Selector xpath='./div[@class=""tags""]//text()' data='books'>, <Selector xpath='./div[@class=""tags""]//text()' data='\n            \n            '>, <Selector xpath='./div[@class=""tags""]//text()' data='classic'>, <Selector xpath='./div[@class=""tags""]//text()' data='\n            \n            '>, <Selector xpath='./div[@class=""tags""]//text()' data='reading'>, <Selector xpath='./div[@class=""tags""]//text()' data='\n            \n        '>]","[<Selector xpath='./span[@class=""text""]/text()' data='“′Classic′ - a book which people prai...'>]"
[<Selector xpath='./span/small/text()' data='Albert Einstein'>],"[<Selector xpath='./div[@class=""tags""]//text()' data='\n            Tags:\n            '>, <Selector xpath='./div[@class=""tags""]//text()' data=' \n            \n            '>, <Selector xpath='./div[@class=""tags""]//text()' data='mistakes'>, <Selector xpath='./div[@class=""tags""]//text()' data='\n            \n        '>]","[<Selector xpath='./span[@class=""text""]/text()' data='“Anyone who has never made a mistake ...'>]"
[<Selector xpath='./span/small/text()' data='Jane Austen'>],"[<Selector xpath='./div[@class=""tags""]//text()' data='\n            Tags:\n            '>, <Selector xpath='./div[@class=""tags""]//text()' data=' \n            \n            '>, <Selector xpath='./div[@class=""tags""]//text()' data='humor'>, <Selector xpath='./div[@class=""tags""]//text()' data='\n            \n            '>, <Selector xpath='./div[@class=""tags""]//text()' data='love'>, <Selector xpath='./div[@class=""tags""]//text()' data='\n            \n            '>, <Selector xpath='./div[@class=""tags""]//text()' data='romantic'>, <Selector xpath='./div[@class=""tags""]//text()' data='\n            \n            '>, <Selector xpath='./div[@class=""tags""]//text()' data='women'>, <Selector xpath='./div[@class=""tags""]//text()' data='\n            \n        '>]","[<Selector xpath='./span[@class=""text""]/text()' data=""“A lady's imagination is very rapid; ..."">]"
[<Selector xpath='./span/small/text()' data='J.K. Rowling'>],"[<Selector xpath='./div[@class=""tags""]//text()' data='\n            Tags:\n            '>, <Selector xpath='./div[@class=""tags""]//text()' data=' \n            \n            '>, <Selector xpath='./div[@class=""tags""]//text()' data='integrity'>, <Selector xpath='./div[@class=""tags""]//text()' data='\n            \n        '>]","[<Selector xpath='./span[@class=""text""]/text()' data='“Remember, if the time should come wh...'>]"
[<Selector xpath='./span/small/text()' data='Jane Austen'>],"[<Selector xpath='./div[@class=""tags""]//text()' data='\n            Tags:\n            '>, <Selector xpath='./div[@class=""tags""]//text()' data=' \n            \n            '>, <Selector xpath='./div[@class=""tags""]//text()' data='books'>, <Selector xpath='./div[@class=""tags""]//text()' data='\n            \n            '>, <Selector xpath='./div[@class=""tags""]//text()' data='library'>, <Selector xpath='./div[@class=""tags""]//text()' data='\n            \n            '>, <Selector xpath='./div[@class=""tags""]//text()' data='reading'>, <Selector xpath='./div[@class=""tags""]//text()' data='\n            \n        '>]","[<Selector xpath='./span[@class=""text""]/text()' data='“I declare after all there is no enjo...'>]"
[<Selector xpath='./span/small/text()' data='Jane Austen'>],"[<Selector xpath='./div[@class=""tags""]//text()' data='\n            Tags:\n            '>, <Selector xpath='./div[@class=""tags""]//text()' data=' \n            \n            '>, <Selector xpath='./div[@class=""tags""]//text()' data='elizabeth-bennet'>, <Selector xpath='./div[@class=""tags""]//text()' data='\n            \n            '>, <Selector xpath='./div[@class=""tags""]//text()' data='jane-austen'>, <Selector xpath='./div[@class=""tags""]//text()' data='\n            \n        '>]","[<Selector xpath='./span[@class=""text""]/text()' data='“There are few people whom I really l...'>]"
[<Selector xpath='./span/small/text()' data='C.S. Lewis'>],"[<Selector xpath='./div[@class=""tags""]//text()' data='\n            Tags:\n            '>, <Selector xpath='./div[@class=""tags""]//text()' data=' \n            \n            '>, <Selector xpath='./div[@class=""tags""]//text()' data='age'>, <Selector xpath='./div[@class=""tags""]//text()' data='\n            \n            '>, <Selector xpath='./div[@class=""tags""]//text()' data='fairytales'>, <Selector xpath='./div[@class=""tags""]//text()' data='\n            \n            '>, <Selector xpath='./div[@class=""tags""]//text()' data='growing-up'>, <Selector xpath='./div[@class=""tags""]//text()' data='\n            \n        '>]","[<Selector xpath='./span[@class=""text""]/text()' data='“Some day you will be old enough to s...'>]"
[<Selector xpath='./span/small/text()' data='C.S. Lewis'>],"[<Selector xpath='./div[@class=""tags""]//text()' data='\n            Tags:\n            '>, <Selector xpath='./div[@class=""tags""]//text()' data=' \n            \n            '>, <Selector xpath='./div[@class=""tags""]//text()' data='god'>, <Selector xpath='./div[@class=""tags""]//text()' data='\n            \n        '>]","[<Selector xpath='./span[@class=""text""]/text()' data='“We are not necessarily doubting that...'>]"
[<Selector xpath='./span/small/text()' data='Mark Twain'>],"[<Selector xpath='./div[@class=""tags""]//text()' data='\n            Tags:\n            '>, <Selector xpath='./div[@class=""tags""]//text()' data=' \n            \n            '>, <Selector xpath='./div[@class=""tags""]//text()' data='death'>, <Selector xpath='./div[@class=""tags""]//text()' data='\n            \n            '>, <Selector xpath='./div[@class=""tags""]//text()' data='life'>, <Selector xpath='./div[@class=""tags""]//text()' data='\n            \n        '>]","[<Selector xpath='./span[@class=""text""]/text()' data='“The fear of death follows from the f...'>]"
[<Selector xpath='./span/small/text()' data='Mark Twain'>],"[<Selector xpath='./div[@class=""tags""]//text()' data='\n            Tags:\n            '>, <Selector xpath='./div[@class=""tags""]//text()' data=' \n            \n            '>, <Selector xpath='./div[@class=""tags""]//text()' data='misattributed-mark-twain'>, <Selector xpath='./div[@class=""tags""]//text()' data='\n            \n            '>, <Selector xpath='./div[@class=""tags""]//text()' data='truth'>, <Selector xpath='./div[@class=""tags""]//text()' data='\n            \n        '>]","[<Selector xpath='./span[@class=""text""]/text()' data='“A lie can travel half way around the...'>]"
[<Selector xpath='./span/small/text()' data='C.S. Lewis'>],"[<Selector xpath='./div[@class=""tags""]//text()' data='\n            Tags:\n            '>, <Selector xpath='./div[@class=""tags""]//text()' data=' \n            \n            '>, <Selector xpath='./div[@class=""tags""]//text()' data='christianity'>, <Selector xpath='./div[@class=""tags""]//text()' data='\n            \n            '>, <Selector xpath='./div[@class=""tags""]//text()' data='faith'>, <Selector xpath='./div[@class=""tags""]//text()' data='\n            \n            '>, <Selector xpath='./div[@class=""tags""]//text()' data='religion'>, <Selector xpath='./div[@class=""tags""]//text()' data='\n            \n            '>, <Selector xpath='./div[@class=""tags""]//text()' data='sun'>, <Selector xpath='./div[@class=""tags""]//text()' data='\n            \n        '>]","[<Selector xpath='./span[@class=""text""]/text()' data='“I believe in Christianity as I belie...'>]"
[<Selector xpath='./span/small/text()' data='J.K. Rowling'>],"[<Selector xpath='./div[@class=""tags""]//text()' data='\n            Tags:\n            '>, <Selector xpath='./div[@class=""tags""]//text()' data=' \n            \n            '>, <Selector xpath='./div[@class=""tags""]//text()' data='truth'>, <Selector xpath='./div[@class=""tags""]//text()' data='\n            \n        '>]","[<Selector xpath='./span[@class=""text""]/text()' data='“The truth."" Dumbledore sighed. ""It i...'>]"
[<Selector xpath='./span/small/text()' data='Jimi Hendrix'>],"[<Selector xpath='./div[@class=""tags""]//text()' data='\n            Tags:\n            '>, <Selector xpath='./div[@class=""tags""]//text()' data=' \n            \n            '>, <Selector xpath='./div[@class=""tags""]//text()' data='death'>, <Selector xpath='./div[@class=""tags""]//text()' data='\n            \n            '>, <Selector xpath='./div[@class=""tags""]//text()' data='life'>, <Selector xpath='./div[@class=""tags""]//text()' data='\n            \n        '>]","[<Selector xpath='./span[@class=""text""]/text()' data=""“I'm the one that's got to die when i..."">]"
[<Selector xpath='./span/small/text()' data='J.M. Barrie'>],"[<Selector xpath='./div[@class=""tags""]//text()' data='\n            Tags:\n            '>, <Selector xpath='./div[@class=""tags""]//text()' data=' \n            \n            '>, <Selector xpath='./div[@class=""tags""]//text()' data='adventure'>, <Selector xpath='./div[@class=""tags""]//text()' data='\n            \n            '>, <Selector xpath='./div[@class=""tags""]//text()' data='love'>, <Selector xpath='./div[@class=""tags""]//text()' data='\n            \n        '>]","[<Selector xpath='./span[@class=""text""]/text()' data='“To die will be an awfully big advent...'>]"
[<Selector xpath='./span/small/text()' data='E.E. Cummings'>],"[<Selector xpath='./div[@class=""tags""]//text()' data='\n            Tags:\n            '>, <Selector xpath='./div[@class=""tags""]//text()' data=' \n            \n            '>, <Selector xpath='./div[@class=""tags""]//text()' data='courage'>, <Selector xpath='./div[@class=""tags""]//text()' data='\n            \n        '>]","[<Selector xpath='./span[@class=""text""]/text()' data='“It takes courage to grow up and beco...'>]"
[<Selector xpath='./span/small/text()' data='Khaled Hosseini'>],"[<Selector xpath='./div[@class=""tags""]//text()' data='\n            Tags:\n            '>, <Selector xpath='./div[@class=""tags""]//text()' data=' \n            \n            '>, <Selector xpath='./div[@class=""tags""]//text()' data='life'>, <Selector xpath='./div[@class=""tags""]//text()' data='\n            \n        '>]","[<Selector xpath='./span[@class=""text""]/text()' data='“But better to get hurt by the truth ...'>]"
[<Selector xpath='./span/small/text()' data='Harper Lee'>],"[<Selector xpath='./div[@class=""tags""]//text()' data='\n            Tags:\n            '>, <Selector xpath='./div[@class=""tags""]//text()' data=' \n            \n            '>, <Selector xpath='./div[@class=""tags""]//text()' data='better-life-empathy'>, <Selector xpath='./div[@class=""tags""]//text()' data='\n            \n        '>]","[<Selector xpath='./span[@class=""text""]/text()' data='“You never really understand a person...'>]"
"[<Selector xpath='./span/small/text()' data=""Madeleine L'Engle"">]","[<Selector xpath='./div[@class=""tags""]//text()' data='\n            Tags:\n            '>, <Selector xpath='./div[@class=""tags""]//text()' data=' \n            \n            '>, <Selector xpath='./div[@class=""tags""]//text()' data='books'>, <Selector xpath='./div[@class=""tags""]//text()' data='\n            \n            '>, <Selector xpath='./div[@class=""tags""]//text()' data='children'>, <Selector xpath='./div[@class=""tags""]//text()' data='\n            \n            '>, <Selector xpath='./div[@class=""tags""]//text()' data='difficult'>, <Selector xpath='./div[@class=""tags""]//text()' data='\n            \n            '>, <Selector xpath='./div[@class=""tags""]//text()' data='grown-ups'>, <Selector xpath='./div[@class=""tags""]//text()' data='\n            \n            '>, <Selector xpath='./div[@class=""tags""]//text()' data='write'>, <Selector xpath='./div[@class=""tags""]//text()' data='\n            \n            '>, <Selector xpath='./div[@class=""tags""]//text()' data='writers'>, <Selector xpath='./div[@class=""tags""]//text()' data='\n            \n            '>, <Selector xpath='./div[@class=""tags""]//text()' data='writing'>, <Selector xpath='./div[@class=""tags""]//text()' data='\n            \n        '>]","[<Selector xpath='./span[@class=""text""]/text()' data='“You have to write the book that want...'>]"
[<Selector xpath='./span/small/text()' data='Mark Twain'>],"[<Selector xpath='./div[@class=""tags""]//text()' data='\n            Tags:\n            '>, <Selector xpath='./div[@class=""tags""]//text()' data=' \n            \n            '>, <Selector xpath='./div[@class=""tags""]//text()' data='truth'>, <Selector xpath='./div[@class=""tags""]//text()' data='\n            \n        '>]","[<Selector xpath='./span[@class=""text""]/text()' data='“Never tell the truth to people who a...'>]"
[<Selector xpath='./span/small/text()' data='Dr. Seuss'>],"[<Selector xpath='./div[@class=""tags""]//text()' data='\n            Tags:\n            '>, <Selector xpath='./div[@class=""tags""]//text()' data=' \n            \n            '>, <Selector xpath='./div[@class=""tags""]//text()' data='inspirational'>, <Selector xpath='./div[@class=""tags""]//text()' data='\n            \n        '>]","[<Selector xpath='./span[@class=""text""]/text()' data=""“A person's a person, no matter how s..."">]"
[<Selector xpath='./span/small/text()' data='George R.R. Martin'>],"[<Selector xpath='./div[@class=""tags""]//text()' data='\n            Tags:\n            '>, <Selector xpath='./div[@class=""tags""]//text()' data=' \n            \n            '>, <Selector xpath='./div[@class=""tags""]//text()' data='books'>, <Selector xpath='./div[@class=""tags""]//text()' data='\n            \n            '>, <Selector xpath='./div[@class=""tags""]//text()' data='mind'>, <Selector xpath='./div[@class=""tags""]//text()' data='\n            \n        '>]","[<Selector xpath='./span[@class=""text""]/text()' data='“... a mind needs books as a sword ne...'>]"
